{"cameraMode":{"drawMode":0,"name":"Shaded","section":"Shading Mode"},"sceneLighting":false,"audioPlay":false,"sceneViewState":{"showFog":true,"showMaterialUpdate":false,"showSkybox":true,"showFlares":true,"showImageEffects":true,"showParticleSystems":true},"in2DMode":false,"pivot":{"x":1820.4000244140625,"y":107.08000183105469,"z":-1496.349609375},"rotation":{"x":0.10537174344062805,"y":0.7212216854095459,"z":-0.11257980018854141,"w":0.6753235459327698},"size":63.54777908325195,"orthographic":false}