{"cameraMode":{"drawMode":0,"name":"Shaded","section":"Shading Mode"},"sceneLighting":false,"audioPlay":false,"sceneViewState":{"showFog":true,"showMaterialUpdate":false,"showSkybox":true,"showFlares":true,"showImageEffects":true,"showParticleSystems":true},"in2DMode":false,"pivot":{"x":-2.767059326171875,"y":14.056024551391602,"z":0.8027501106262207},"rotation":{"x":0.1223556324839592,"y":-0.7718362212181091,"z":0.15629276633262635,"w":0.6040452718734741},"size":29.938961029052736,"orthographic":false}