{"cameraMode":{"drawMode":0,"name":"Shaded","section":"Shading Mode"},"sceneLighting":false,"audioPlay":false,"sceneViewState":{"showFog":true,"showMaterialUpdate":false,"showSkybox":true,"showFlares":true,"showImageEffects":true,"showParticleSystems":true},"in2DMode":false,"pivot":{"x":1889.199951171875,"y":103.14433288574219,"z":-1509.4874267578125},"rotation":{"x":0.085113026201725,"y":0.6612229347229004,"z":-0.07594295591115952,"w":0.7414666414260864},"size":54.8992919921875,"orthographic":false}