{"cameraMode":{"drawMode":0,"name":"Shaded","section":"Shading Mode"},"sceneLighting":false,"audioPlay":false,"sceneViewState":{"showFog":true,"showMaterialUpdate":false,"showSkybox":true,"showFlares":true,"showImageEffects":true,"showParticleSystems":true},"in2DMode":false,"pivot":{"x":0.04711627960205078,"y":-0.08669865131378174,"z":1.1519150733947755},"rotation":{"x":-0.13643093407154084,"y":-0.702742338180542,"z":0.14009295403957368,"w":-0.6840422749519348},"size":8.74028205871582,"orthographic":false}