{"cameraMode":{"drawMode":0,"name":"Shaded","section":"Shading Mode"},"sceneLighting":false,"audioPlay":false,"sceneViewState":{"showFog":true,"showMaterialUpdate":false,"showSkybox":true,"showFlares":true,"showImageEffects":true,"showParticleSystems":true},"in2DMode":false,"pivot":{"x":1798.5999755859375,"y":103.14433288574219,"z":-1499.3519287109375},"rotation":{"x":0.14979669451713563,"y":0.7036296129226685,"z":-0.155754953622818,"w":0.6769097447395325},"size":54.12580871582031,"orthographic":false}