{"cameraMode":{"drawMode":0,"name":"Shaded","section":"Shading Mode"},"sceneLighting":false,"audioPlay":false,"sceneViewState":{"showFog":true,"showMaterialUpdate":false,"showSkybox":true,"showFlares":true,"showImageEffects":true,"showParticleSystems":true},"in2DMode":false,"pivot":{"x":-2.6707763671875,"y":302.0138854980469,"z":1290.2625732421875},"rotation":{"x":0.12042848765850067,"y":0.6972535848617554,"z":-0.12066826224327088,"w":0.6962568759918213},"size":5612.8076171875,"orthographic":false}