{"cameraMode":{"drawMode":0,"name":"Shaded","section":"Shading Mode"},"sceneLighting":false,"audioPlay":false,"sceneViewState":{"showFog":true,"showMaterialUpdate":false,"showSkybox":true,"showFlares":true,"showImageEffects":true,"showParticleSystems":true},"in2DMode":false,"pivot":{"x":1.7279942035675049,"y":9.898940086364746,"z":0.8589715957641602},"rotation":{"x":0.06642965972423554,"y":-0.9328532218933106,"z":0.269063264131546,"w":0.23016759753227235},"size":8.309348106384278,"orthographic":false}