{"cameraMode":{"drawMode":0,"name":"Shaded","section":"Shading Mode"},"sceneLighting":false,"audioPlay":false,"sceneViewState":{"showFog":true,"showMaterialUpdate":false,"showSkybox":true,"showFlares":true,"showImageEffects":true,"showParticleSystems":true},"in2DMode":false,"pivot":{"x":7.588798522949219,"y":90.11137390136719,"z":2426.893310546875},"rotation":{"x":0.16495223343372346,"y":0.7381561398506165,"z":-0.1950560063123703,"w":0.6243951916694641},"size":112.08397674560547,"orthographic":false}