{"cameraMode":{"drawMode":0,"name":"Shaded","section":"Shading Mode"},"sceneLighting":false,"audioPlay":false,"sceneViewState":{"showFog":true,"showMaterialUpdate":false,"showSkybox":true,"showFlares":true,"showImageEffects":true,"showParticleSystems":true},"in2DMode":false,"pivot":{"x":1842.7132568359375,"y":103.33183288574219,"z":-1509.487548828125},"rotation":{"x":0.062373146414756778,"y":-0.8877569437026978,"z":0.126283660531044,"w":0.43823477625846865},"size":13.106643676757813,"orthographic":false}