{"cameraMode":{"drawMode":0,"name":"Shaded","section":"Shading Mode"},"sceneLighting":false,"audioPlay":false,"sceneViewState":{"showFog":true,"showMaterialUpdate":false,"showSkybox":true,"showFlares":true,"showImageEffects":true,"showParticleSystems":true},"in2DMode":false,"pivot":{"x":1868.0999755859375,"y":107.08000183105469,"z":-1496.349609375},"rotation":{"x":0.06291744112968445,"y":0.6620868444442749,"z":-0.05598128214478493,"w":0.7446802258491516},"size":63.54777908325195,"orthographic":false}