{"cameraMode":{"drawMode":0,"name":"Shaded","section":"Shading Mode"},"sceneLighting":true,"audioPlay":false,"sceneViewState":{"showFog":true,"showMaterialUpdate":false,"showSkybox":true,"showFlares":true,"showImageEffects":true,"showParticleSystems":true},"in2DMode":false,"pivot":{"x":-2.8142738342285158,"y":46.790000915527347,"z":-146.27511596679688},"rotation":{"x":-0.14448949694633485,"y":-0.6669912338256836,"z":0.13394004106521607,"w":-0.718544065952301},"size":80.2653579711914,"orthographic":false}