{"cameraMode":{"drawMode":0,"name":"Shaded","section":"Shading Mode"},"sceneLighting":true,"audioPlay":false,"sceneViewState":{"showFog":true,"showMaterialUpdate":false,"showSkybox":true,"showFlares":true,"showImageEffects":true,"showParticleSystems":true},"in2DMode":false,"pivot":{"x":0.0,"y":0.05000019073486328,"z":1.6540002822875977},"rotation":{"x":0.02605349011719227,"y":-0.9703455567359924,"z":0.20713959634304048,"w":0.1218356192111969},"size":40.010372161865237,"orthographic":false}