{"cameraMode":{"drawMode":0,"name":"Shaded","section":"Shading Mode"},"sceneLighting":false,"audioPlay":false,"sceneViewState":{"showFog":true,"showMaterialUpdate":false,"showSkybox":true,"showFlares":true,"showImageEffects":true,"showParticleSystems":true},"in2DMode":false,"pivot":{"x":1842.7132568359375,"y":102.08000183105469,"z":-1504.419677734375},"rotation":{"x":0.10941267758607865,"y":0.6329166889190674,"z":-0.09103412181138993,"w":0.7610244750976563},"size":12.091119766235352,"orthographic":false}