{"cameraMode":{"drawMode":0,"name":"Shaded","section":"Shading Mode"},"sceneLighting":false,"audioPlay":false,"sceneViewState":{"showFog":true,"showMaterialUpdate":false,"showSkybox":true,"showFlares":true,"showImageEffects":true,"showParticleSystems":true},"in2DMode":false,"pivot":{"x":1842.800048828125,"y":107.08000183105469,"z":-1496.349609375},"rotation":{"x":0.08698250353336334,"y":0.07092232257127762,"z":-0.006239906419068575,"w":0.9936625361442566},"size":63.41909408569336,"orthographic":false}