{"cameraMode":{"drawMode":0,"name":"Shaded","section":"Shading Mode"},"sceneLighting":false,"audioPlay":false,"sceneViewState":{"showFog":true,"showMaterialUpdate":false,"showSkybox":true,"showFlares":true,"showImageEffects":true,"showParticleSystems":true},"in2DMode":false,"pivot":{"x":5.635824203491211,"y":2.0994863510131838,"z":-5.123688697814941},"rotation":{"x":-0.13004785776138307,"y":-0.7924811244010925,"z":0.18166425824165345,"w":-0.5675027370452881},"size":26.121755599975587,"orthographic":false}