{"cameraMode":{"drawMode":0,"name":"Shaded","section":"Shading Mode"},"sceneLighting":false,"audioPlay":false,"sceneViewState":{"showFog":true,"showMaterialUpdate":false,"showSkybox":true,"showFlares":true,"showImageEffects":true,"showParticleSystems":true},"in2DMode":false,"pivot":{"x":-4.76837158203125e-7,"y":35.53216552734375,"z":-1.6739020347595215},"rotation":{"x":0.015551159158349038,"y":0.7170572876930237,"z":0.015816058963537217,"w":-0.6966612935066223},"size":97.6024398803711,"orthographic":false}