{"cameraMode":{"drawMode":0,"name":"Shaded","section":"Shading Mode"},"sceneLighting":false,"audioPlay":false,"sceneViewState":{"showFog":true,"showMaterialUpdate":false,"showSkybox":true,"showFlares":true,"showImageEffects":true,"showParticleSystems":true},"in2DMode":false,"pivot":{"x":-0.04178941249847412,"y":0.16139188408851624,"z":-0.13740882277488709},"rotation":{"x":-0.003315518843010068,"y":-0.04735457897186279,"z":0.00011048998567275703,"w":-0.998872697353363},"size":4.246109962463379,"orthographic":false}