{"cameraMode":{"drawMode":0,"name":"Shaded","section":"Shading Mode"},"sceneLighting":false,"audioPlay":false,"sceneViewState":{"showFog":true,"showMaterialUpdate":false,"showSkybox":true,"showFlares":true,"showImageEffects":true,"showParticleSystems":true},"in2DMode":false,"pivot":{"x":1842.7132568359375,"y":107.08000183105469,"z":-1496.349609375},"rotation":{"x":0.12380512058734894,"y":-0.4722530245780945,"z":0.06715811789035797,"w":0.8701375126838684},"size":26.174745559692384,"orthographic":false}