{"cameraMode":{"drawMode":0,"name":"Shaded","section":"Shading Mode"},"sceneLighting":false,"audioPlay":false,"sceneViewState":{"showFog":true,"showMaterialUpdate":false,"showSkybox":true,"showFlares":true,"showImageEffects":true,"showParticleSystems":true},"in2DMode":false,"pivot":{"x":98.2051010131836,"y":-178.04489135742188,"z":-145.48118591308595},"rotation":{"x":0.1535463035106659,"y":0.21032345294952393,"z":-0.03352602943778038,"w":0.9649164080619812},"size":134.8599853515625,"orthographic":false}