{"cameraMode":{"drawMode":0,"name":"Shaded","section":"Shading Mode"},"sceneLighting":false,"audioPlay":false,"sceneViewState":{"showFog":true,"showMaterialUpdate":false,"showSkybox":true,"showFlares":true,"showImageEffects":true,"showParticleSystems":true},"in2DMode":false,"pivot":{"x":-0.9827880859375,"y":302.01385498046877,"z":1857.762939453125},"rotation":{"x":0.12042848765850067,"y":0.6972535848617554,"z":-0.12066826224327088,"w":0.6962568759918213},"size":7627.43603515625,"orthographic":false}