{"cameraMode":{"drawMode":0,"name":"Shaded","section":"Shading Mode"},"sceneLighting":false,"audioPlay":false,"sceneViewState":{"showFog":true,"showMaterialUpdate":false,"showSkybox":true,"showFlares":true,"showImageEffects":true,"showParticleSystems":true},"in2DMode":false,"pivot":{"x":0.5799999237060547,"y":0.07499998807907105,"z":0.7450001239776611},"rotation":{"x":-0.1365600824356079,"y":0.663791835308075,"z":-0.12516209483146668,"w":-0.7246145606040955},"size":2.760413885116577,"orthographic":false}