{"cameraMode":{"drawMode":0,"name":"Shaded","section":"Shading Mode"},"sceneLighting":false,"audioPlay":false,"sceneViewState":{"showFog":true,"showMaterialUpdate":false,"showSkybox":true,"showFlares":true,"showImageEffects":true,"showParticleSystems":true},"in2DMode":false,"pivot":{"x":0.34854233264923098,"y":19.867645263671876,"z":-0.09586042165756226},"rotation":{"x":0.027250729501247407,"y":-0.2535260021686554,"z":-0.007175752893090248,"w":-0.9669180512428284},"size":28.518701553344728,"orthographic":false}