{"cameraMode":{"drawMode":0,"name":"Shaded","section":"Shading Mode"},"sceneLighting":false,"audioPlay":false,"sceneViewState":{"showFog":true,"showMaterialUpdate":false,"showSkybox":true,"showFlares":true,"showImageEffects":true,"showParticleSystems":true},"in2DMode":false,"pivot":{"x":-1.1202433109283448,"y":1.8928347826004029,"z":0.34200096130371096},"rotation":{"x":0.18630440533161164,"y":0.06490222364664078,"z":-0.012389837764203549,"w":0.9802678227424622},"size":24.08344841003418,"orthographic":false}