{"cameraMode":{"drawMode":0,"name":"Shaded","section":"Shading Mode"},"sceneLighting":false,"audioPlay":false,"sceneViewState":{"showFog":true,"showMaterialUpdate":false,"showSkybox":false,"showFlares":true,"showImageEffects":true,"showParticleSystems":true},"in2DMode":false,"pivot":{"x":83.27618408203125,"y":-47.0,"z":2176.081787109375},"rotation":{"x":-0.00017454763292334974,"y":-0.9998809695243836,"z":-0.011689660139381886,"w":0.012606530450284481},"size":23.308631896972658,"orthographic":false}