{"cameraMode":{"drawMode":0,"name":"Shaded","section":"Shading Mode"},"sceneLighting":false,"audioPlay":false,"sceneViewState":{"showFog":true,"showMaterialUpdate":false,"showSkybox":false,"showFlares":true,"showImageEffects":true,"showParticleSystems":true},"in2DMode":false,"pivot":{"x":-3.0999999046325685,"y":10.752500534057618,"z":-150.1790008544922},"rotation":{"x":-0.045964352786540988,"y":-0.6221928000450134,"z":0.036633312702178958,"w":-0.7806785702705383},"size":6.459793567657471,"orthographic":false}