{"cameraMode":{"drawMode":0,"name":"Shaded","section":"Shading Mode"},"sceneLighting":false,"audioPlay":false,"sceneViewState":{"showFog":true,"showMaterialUpdate":false,"showSkybox":false,"showFlares":true,"showImageEffects":true,"showParticleSystems":true},"in2DMode":false,"pivot":{"x":0.0,"y":0.96524977684021,"z":0.3749014437198639},"rotation":{"x":-0.014355825260281563,"y":-0.985441267490387,"z":0.12964724004268647,"w":-0.10923264175653458},"size":3.6816506385803224,"orthographic":false}