{"cameraMode":{"drawMode":0,"name":"Shaded","section":"Shading Mode"},"sceneLighting":false,"audioPlay":false,"sceneViewState":{"showFog":true,"showMaterialUpdate":false,"showSkybox":false,"showFlares":true,"showImageEffects":true,"showParticleSystems":true},"in2DMode":false,"pivot":{"x":11.27059268951416,"y":9.763062477111817,"z":-4.038419723510742},"rotation":{"x":-0.025117458775639535,"y":0.9739140272140503,"z":-0.17311832308769227,"w":-0.14550557732582093},"size":42.21926498413086,"orthographic":false}