{"cameraMode":{"drawMode":0,"name":"Shaded","section":"Shading Mode"},"sceneLighting":false,"audioPlay":false,"sceneViewState":{"showFog":true,"showMaterialUpdate":false,"showSkybox":false,"showFlares":true,"showImageEffects":true,"showParticleSystems":true},"in2DMode":false,"pivot":{"x":1.159999966621399,"y":0.15000000596046449,"z":0.9899997711181641},"rotation":{"x":-0.007396952714771032,"y":0.926082968711853,"z":-0.01999765820801258,"w":-0.3770926594734192},"size":13.217264175415039,"orthographic":false}