{"cameraMode":{"drawMode":0,"name":"Shaded","section":"Shading Mode"},"sceneLighting":false,"audioPlay":false,"sceneViewState":{"showFog":true,"showMaterialUpdate":false,"showSkybox":false,"showFlares":true,"showImageEffects":true,"showParticleSystems":true},"in2DMode":false,"pivot":{"x":1820.90673828125,"y":131.00257873535157,"z":-1519.2677001953125},"rotation":{"x":0.07213404029607773,"y":0.874854564666748,"z":-0.13796454668045045,"w":0.4588145315647125},"size":60.99266815185547,"orthographic":false}