{"cameraMode":{"drawMode":0,"name":"Shaded","section":"Shading Mode"},"sceneLighting":false,"audioPlay":false,"sceneViewState":{"showFog":true,"showMaterialUpdate":false,"showSkybox":false,"showFlares":true,"showImageEffects":true,"showParticleSystems":true},"in2DMode":false,"pivot":{"x":1.7182738780975342,"y":-3.700000047683716,"z":-0.33232903480529787},"rotation":{"x":-0.0017423772951588035,"y":0.759479284286499,"z":0.00204958813264966,"w":0.6505560874938965},"size":12.878417015075684,"orthographic":false}