{"cameraMode":{"drawMode":0,"name":"Shaded","section":"Shading Mode"},"sceneLighting":false,"audioPlay":false,"sceneViewState":{"showFog":true,"showMaterialUpdate":false,"showSkybox":false,"showFlares":true,"showImageEffects":true,"showParticleSystems":true},"in2DMode":false,"pivot":{"x":-458.0,"y":152.52000427246095,"z":2391.711669921875},"rotation":{"x":-0.00019211725157219917,"y":0.9999496340751648,"z":0.010190966539084912,"w":0.010473966598510743},"size":34.78239822387695,"orthographic":false}