{"cameraMode":{"drawMode":0,"name":"Shaded","section":"Shading Mode"},"sceneLighting":false,"audioPlay":false,"sceneViewState":{"showFog":true,"showMaterialUpdate":false,"showSkybox":false,"showFlares":true,"showImageEffects":true,"showParticleSystems":true},"in2DMode":false,"pivot":{"x":1822.62646484375,"y":106.19141387939453,"z":-1502.6070556640625},"rotation":{"x":0.0023717188742011787,"y":0.9971174001693726,"z":-0.06771781295537949,"w":0.0347144640982151},"size":16.642011642456056,"orthographic":false}