{"cameraMode":{"drawMode":0,"name":"Shaded","section":"Shading Mode"},"sceneLighting":false,"audioPlay":false,"sceneViewState":{"showFog":true,"showMaterialUpdate":false,"showSkybox":false,"showFlares":true,"showImageEffects":true,"showParticleSystems":true},"in2DMode":false,"pivot":{"x":1868.0999755859375,"y":107.08000183105469,"z":-1507.7962646484375},"rotation":{"x":0.14375212788581849,"y":0.029976487159729005,"z":-0.004524573218077421,"w":0.9892356991767883},"size":79.6590576171875,"orthographic":false}