{"cameraMode":{"drawMode":0,"name":"Shaded","section":"Shading Mode"},"sceneLighting":false,"audioPlay":false,"sceneViewState":{"showFog":true,"showMaterialUpdate":false,"showSkybox":false,"showFlares":true,"showImageEffects":true,"showParticleSystems":true},"in2DMode":false,"pivot":{"x":-0.07847404479980469,"y":105.0,"z":4229.244140625},"rotation":{"x":-0.16685767471790315,"y":-0.20194371044635774,"z":0.034938037395477298,"w":-0.9644649028778076},"size":54.311737060546878,"orthographic":false}