{"cameraMode":{"drawMode":0,"name":"Shaded","section":"Shading Mode"},"sceneLighting":false,"audioPlay":false,"sceneViewState":{"showFog":true,"showMaterialUpdate":false,"showSkybox":false,"showFlares":true,"showImageEffects":true,"showParticleSystems":true},"in2DMode":false,"pivot":{"x":2.5467958450317385,"y":-2.0097665786743166,"z":1.5999979972839356},"rotation":{"x":-0.025302354246377946,"y":-0.9691901803016663,"z":0.11275298148393631,"w":-0.2178213745355606},"size":13.490944862365723,"orthographic":false}