{"cameraMode":{"drawMode":0,"name":"Shaded","section":"Shading Mode"},"sceneLighting":false,"audioPlay":false,"sceneViewState":{"showFog":true,"showMaterialUpdate":false,"showSkybox":false,"showFlares":true,"showImageEffects":true,"showParticleSystems":true},"in2DMode":false,"pivot":{"x":-0.4779021739959717,"y":15.276095390319825,"z":0.014040946960449219},"rotation":{"x":0.08869589865207672,"y":-0.0026835231110453607,"z":0.0001751740783220157,"w":0.9960914254188538},"size":14.86751651763916,"orthographic":false}