{"cameraMode":{"drawMode":0,"name":"Shaded","section":"Shading Mode"},"sceneLighting":false,"audioPlay":false,"sceneViewState":{"showFog":true,"showMaterialUpdate":false,"showSkybox":false,"showFlares":true,"showImageEffects":true,"showParticleSystems":true},"in2DMode":false,"pivot":{"x":1841.8878173828125,"y":103.58224487304688,"z":-1503.454345703125},"rotation":{"x":-0.08574431389570236,"y":-0.8176804780960083,"z":0.12636999785900117,"w":-0.5550931692123413},"size":7.8442840576171879,"orthographic":false}