{"cameraMode":{"drawMode":0,"name":"Shaded","section":"Shading Mode"},"sceneLighting":false,"audioPlay":false,"sceneViewState":{"showFog":true,"showMaterialUpdate":false,"showSkybox":false,"showFlares":true,"showImageEffects":true,"showParticleSystems":true},"in2DMode":false,"pivot":{"x":0.057000160217285159,"y":2.076000213623047,"z":1.053999900817871},"rotation":{"x":-0.12187150865793228,"y":-0.2499752640724182,"z":0.0319477804005146,"w":-0.960128664970398},"size":27.0723934173584,"orthographic":false}