{"cameraMode":{"drawMode":0,"name":"Shaded","section":"Shading Mode"},"sceneLighting":false,"audioPlay":false,"sceneViewState":{"showFog":true,"showMaterialUpdate":false,"showSkybox":false,"showFlares":true,"showImageEffects":true,"showParticleSystems":true},"in2DMode":false,"pivot":{"x":0.12134239077568054,"y":10.321589469909668,"z":-149.84881591796876},"rotation":{"x":-0.08881260454654694,"y":0.5920180082321167,"z":-0.06674522906541825,"w":-0.7984057664871216},"size":9.105279922485352,"orthographic":false}