{"cameraMode":{"drawMode":0,"name":"Shaded","section":"Shading Mode"},"sceneLighting":false,"audioPlay":false,"sceneViewState":{"showFog":true,"showMaterialUpdate":false,"showSkybox":false,"showFlares":true,"showImageEffects":true,"showParticleSystems":true},"in2DMode":false,"pivot":{"x":1821.655517578125,"y":129.11248779296876,"z":-1515.5777587890625},"rotation":{"x":0.06178620457649231,"y":0.770429253578186,"z":-0.07562572509050369,"w":0.6300443410873413},"size":197.9020538330078,"orthographic":false}