{"cameraMode":{"drawMode":0,"name":"Shaded","section":"Shading Mode"},"sceneLighting":false,"audioPlay":false,"sceneViewState":{"showFog":true,"showMaterialUpdate":false,"showSkybox":false,"showFlares":true,"showImageEffects":true,"showParticleSystems":true},"in2DMode":false,"pivot":{"x":-15.799999237060547,"y":60.74250030517578,"z":2305.3095703125},"rotation":{"x":-0.003529635723680258,"y":-0.9877111911773682,"z":0.022533459588885309,"w":-0.15473182499408723},"size":27.133405685424806,"orthographic":false}