{"cameraMode":{"drawMode":0,"name":"Shaded","section":"Shading Mode"},"sceneLighting":false,"audioPlay":false,"sceneViewState":{"showFog":true,"showMaterialUpdate":false,"showSkybox":false,"showFlares":true,"showImageEffects":true,"showParticleSystems":true},"in2DMode":false,"pivot":{"x":-3.262144088745117,"y":22.36115264892578,"z":-0.30412089824676516},"rotation":{"x":0.010457145981490612,"y":-0.8073971271514893,"z":-0.014267897233366967,"w":-0.5897895097732544},"size":33.7930793762207,"orthographic":false}