{"cameraMode":{"drawMode":0,"name":"Shaded","section":"Shading Mode"},"sceneLighting":false,"audioPlay":false,"sceneViewState":{"showFog":true,"showMaterialUpdate":false,"showSkybox":false,"showFlares":true,"showImageEffects":true,"showParticleSystems":true},"in2DMode":false,"pivot":{"x":0.6436176300048828,"y":23.284095764160158,"z":0.9176268577575684},"rotation":{"x":-0.1266975700855255,"y":-0.18426306545734406,"z":0.024011727422475816,"w":-0.9744051694869995},"size":16.734272003173829,"orthographic":false}