{"cameraMode":{"drawMode":0,"name":"Shaded","section":"Shading Mode"},"sceneLighting":false,"audioPlay":false,"sceneViewState":{"showFog":true,"showMaterialUpdate":false,"showSkybox":false,"showFlares":true,"showImageEffects":true,"showParticleSystems":true},"in2DMode":false,"pivot":{"x":11.633113861083985,"y":-5.43367862701416,"z":15.174192428588868},"rotation":{"x":0.10791885107755661,"y":-0.059318430721759799,"z":0.00633379677310586,"w":0.9924167394638062},"size":97.34616088867188,"orthographic":false}