{"cameraMode":{"drawMode":0,"name":"Shaded","section":"Shading Mode"},"sceneLighting":false,"audioPlay":false,"sceneViewState":{"showFog":true,"showMaterialUpdate":false,"showSkybox":false,"showFlares":true,"showImageEffects":true,"showParticleSystems":true},"in2DMode":false,"pivot":{"x":0.009027481079101563,"y":118.31629943847656,"z":0.0002028942108154297},"rotation":{"x":-0.001970607088878751,"y":0.9979048371315002,"z":-0.031749553978443149,"w":-0.058465540409088138},"size":7.709950923919678,"orthographic":false}