{"cameraMode":{"drawMode":0,"name":"Shaded","section":"Shading Mode"},"sceneLighting":false,"audioPlay":false,"sceneViewState":{"showFog":true,"showMaterialUpdate":false,"showSkybox":false,"showFlares":true,"showImageEffects":true,"showParticleSystems":true},"in2DMode":false,"pivot":{"x":-3.3831892013549806,"y":1.747452735900879,"z":-126.03097534179688},"rotation":{"x":-0.13538868725299836,"y":-0.11948160082101822,"z":0.016464142128825189,"w":-0.9834441542625427},"size":22.0,"orthographic":false}